{"cameraMode":{"drawMode":0,"name":"Shaded","section":"Shading Mode"},"sceneLighting":true,"audioPlay":false,"sceneViewState":{"showFog":true,"showMaterialUpdate":false,"showSkybox":true,"showFlares":true,"showImageEffects":true,"showParticleSystems":true},"in2DMode":false,"pivot":{"x":15.009860038757325,"y":13.42936897277832,"z":52.147552490234378},"rotation":{"x":-0.027093319222331048,"y":0.9591671824455261,"z":-0.2642379105091095,"w":-0.09871990233659744},"size":4.599888324737549,"orthographic":false}