{"cameraMode":{"drawMode":0,"name":"Shaded","section":"Shading Mode"},"sceneLighting":true,"audioPlay":false,"sceneViewState":{"showFog":true,"showMaterialUpdate":false,"showSkybox":true,"showFlares":true,"showImageEffects":true,"showParticleSystems":true},"in2DMode":false,"pivot":{"x":13.00193977355957,"y":-35.53034973144531,"z":8.025825500488282},"rotation":{"x":-0.05089712142944336,"y":-0.932104229927063,"z":0.32896995544433596,"w":-0.14374423027038575},"size":105.84229278564453,"orthographic":false}