{"cameraMode":{"drawMode":0,"name":"Shaded","section":"Shading Mode"},"sceneLighting":true,"audioPlay":false,"sceneViewState":{"showFog":true,"showMaterialUpdate":false,"showSkybox":true,"showFlares":true,"showImageEffects":true,"showParticleSystems":true},"in2DMode":false,"pivot":{"x":328.68096923828127,"y":-12.518795013427735,"z":-840.5916748046875},"rotation":{"x":-0.02323000133037567,"y":0.9368874430656433,"z":-0.34337908029556277,"w":-0.06331102550029755},"size":694.4927368164063,"orthographic":false}